{"schemaVersion":"1.0","appDefinitionTemplate":{"id":"/providers/Microsoft.PowerApps/apps/","type":"Microsoft.PowerApps/apps","tags":{"minimumRequiredApiVersion":"2.2.0"},"properties":{"appVersion":"2018-04-12T09:04:22Z","lifeCycleId":"Published","createdByClientVersion":{"major":3,"minor":18042,"build":20,"revision":0,"majorRevision":0,"minorRevision":0},"minClientVersion":{"major":3,"minor":18042,"build":20,"revision":0,"majorRevision":0,"minorRevision":0},"backgroundColor":"rgba(18, 107, 240, 1)","backgroundImageUri":"/8240199279076559894/N4087fd33-b8e4-4d0b-aa94-fc4c745911cf-logoSmallFile","displayName":"OrionConferenceBooking","description":"Quickly find work spaces for meetings-filter by date, time, and location until you find the perfect spot. Reserve with the tap of a button.","appUris":{"documentUri":{"value":"/8240199279076559894/N31fbc012-0cb6-4989-b5ed-601ccfba8dbb-document.msapp","readonlyValue":"/8240199279076559894/N31fbc012-0cb6-4989-b5ed-601ccfba8dbb-document.msapp"},"imageUris":[]},"createdTime":"0001-01-01T00:00:00Z","lastModifiedTime":"0001-01-01T00:00:00Z","sharedGroupsCount":0,"sharedUsersCount":0,"icons":{"smallIconUri":"/8240199279076559894/Nfb23ff46-1bf0-45bc-a6dd-1f8086797d30-small.png","mediumIconUri":"/8240199279076559894/Nf719086d-d8df-4ede-9160-b52e32b98c8a-medium.png","largeIconUri":"/8240199279076559894/N444ea819-52b8-450c-b86c-5e3b38bc24d5-large.png","wideIconUri":"/8240199279076559894/Nb07e2b55-6b0b-4f42-bd8b-0c4a7d932be8-wide.png"},"connectionReferences":{"3ba1b1ef-a9f1-a7f4-a9b4-00f62ed14ebc":{"id":"1851f8ff-b3c1-4c21-9121-10e2b0b48fce","displayName":"Office 365 Users","iconUri":"https://az818438.vo.msecnd.net/icons/office365users.png","dataSources":["Office365Users"],"dependencies":[],"dependents":[],"parameterHints":{},"isOnPremiseConnection":false,"bypassConsent":false,"dataSets":{},"apiTier":"Standard"},"0b4895b9-4383-5ec2-2b59-fa94b2cb5ab4":{"id":"84611b0e-c43d-4bf8-b73b-a4cd02149724","displayName":"Skype for Business","iconUri":"https://tip1icons.azureedge.net/SkypeForBusiness.png","dataSources":["SkypeForBusiness"],"dependencies":[],"dependents":[],"parameterHints":{},"isOnPremiseConnection":false,"bypassConsent":false,"dataSets":{},"apiTier":"Standard"},"6a1d57ad-3889-82cf-1561-9051595f3b5b":{"id":"fec24087-ccc9-482c-b7a2-d9fafe82871e","displayName":"Office 365 Outlook","iconUri":"https://az818438.vo.msecnd.net/icons/outlook.png","dataSources":["Office365"],"dependencies":[],"dependents":[],"parameterHints":{},"isOnPremiseConnection":false,"bypassConsent":false,"dataSets":{},"apiTier":"Standard"}},"entityReferences":{}}}}